community,n_editors,n_male,avg_sci
1,2,2,0.08850931677018634
10,2,1,0.2028985507246377
11,5,3,0.3018633540372671
2,4,2,0.22696687370600413
3,4,4,0.09497929606625259
4,16,12,0.5225155279503105
5,1,1,0.08074534161490683
6,29,24,0.7463054187192119
7,1,1,0.13975155279503107
8,3,3,0.2070393374741201
9,2,0,0.38768115942028986
