Continent_1,n,median_sc
Oceania,2,0.7483441047631286
Asia,15,0.732651832360709
Europe,35,0.33108688561772376
Americas,15,0.16722545597445668
Africa,2,0.09492247271335115
