Continent_1,n,median_evc
Oceania,2,0.7483441047631287
Asia,15,0.7326518323607096
Europe,35,0.3310868856177235
Americas,15,0.16722545597445662
Africa,2,0.0949224727133513
