Gender,n,median_sc,p_value
Female,16,0.19099759932027185,0.7815323304255588
Male,53,0.22428964146143715,0.7815323304255588
