Gender,n,median_sc,p_value
Female,16,0.19099759932027152,0.6852493737611847
Male,53,0.22428964146143712,0.6852493737611847
