Gender,n,mean_sc,p_value
Female,16,0.36991388498696315,0.7815148158610616
Male,53,0.4573516728870297,0.7815148158610616
