Gender,n,mean_sc,p_value
Female,16,0.36991388498696304,0.6904883683583566
Male,53,0.4573516728870297,0.6904883683583566
