Continent_1,n,mean_sc
Oceania,2,0.7483441047631285
Asia,15,0.4979328597162863
Europe,35,0.4838713484858019
Americas,15,0.2711491716735773
Africa,2,0.09492247271335105
