Continent_1,n,mean_sc
Oceania,2,0.7483441047631288
Asia,15,0.49793285971628637
Europe,35,0.483871348485802
Americas,15,0.2711491716735775
Africa,2,0.09492247271335116
