metric,estimate,ci_lower,ci_upper
median_evc,0.20757293900693635,0.10197386032227006,0.3243547090472681
gini_evc,0.4577494337633413,0.4209560092051986,0.5382598313189654
