metric,estimate,ci_lower,ci_upper
median_evc,0.20757293900693635,0.10643376324751574,0.35792197682297994
gini_evc,0.4577494337633413,0.4114669224260788,0.5390301289574599
