metric1,metric2,correlation,p_value
EVC,Degree,0.9086934693312122,4.064620763729788e-27
EVC,Betweenness,0.21753829027075305,0.07256343747487687
EVC,Closeness,0.7732032870727343,6.95171668894774e-15
Degree,Betweenness,0.47547631027745807,3.648341002658812e-5
Degree,Closeness,0.9111950744103343,1.6701394077111662e-27
Betweenness,Closeness,0.6152041589693762,1.8590891934591414e-8
