network,n_nodes,n_edges,median_evc,gini_evc,avg_clustering
Full,71,755,0.19099759932027127,0.4730240976009937,0.7698501707428657
Giant_Component,69,754,0.20757293900693646,0.4577494337633411,0.7698501707428657
