method,rho,p_value,n_pairs
spearman,0.9969204935343978,8.218379931042161e-76,69
